{
  "c-01": [3732.00000000, -2022.00000000],
  "c-02": [3200.00000000, -1750.00000000],
  "c-03": [3160.00000000, -1540.00000000],
  "c-04": [3840.00000000, -1470.00000000],
  "c-05": [3874.00000000, -2890.00000000],
  "c-06": [3390.00000000, -1440.00000000],
  "c-10": [3450.00000000, -1264.00000000],
  "c-11": [2124.00000000, -1720.00000000],
  "c-12": [3743.00000000, -2707.00000000],
  "c-13": [3310.00000000, -1990.00000000],
  "c-15": [3200.00000000, -2060.00000000],
  "c-16": [4172.00000000, -1500.00000000],
  "c-17": [3820.00000000, -1260.00000000],
  "c-18": [3995.00000000, -1550.00000000],
  "c-19": [4182.00000000, -3138.00000000],
  "c-20": [3654.00000000, -1573.00000000],
  "c-21": [4127.00000000, -2873.00000000],
  "c-22": [4018.00000000, -1250.00000000],
  "c-23": [3798.00000000, -1740.00000000]
}